workload,variant,structure,n,time_ms,steps,moves,comparisons
W1,-,DynamicArray,100,0.290139,10000,0,0
W2,-,DynamicArray,100,0.203030,75042,0,75042
W3,head,DynamicArray,100,0.338910,1201920,1200920,0
W3,middle,DynamicArray,100,0.335121,1101920,1100920,0
W1,-,MyLinkedList,100,1.584336,501327,0,0
W2,-,MyLinkedList,100,0.207590,74542,0,75042
W3,head,MyLinkedList,100,0.113001,0,3000,0
W3,middle,MyLinkedList,100,0.362604,98000,3000,0
W4,-,MinHeap,100,0.436903,3411,1241,1035
W1,-,DynamicArray,1000,0.265053,10000,0,0
W2,-,DynamicArray,1000,0.419722,737009,0,737009
W3,head,DynamicArray,1000,0.861414,3001024,3000024,0
W3,middle,DynamicArray,1000,0.498340,2001024,2000024,0
W1,-,MyLinkedList,1000,10.516792,5011262,0,0
W2,-,MyLinkedList,1000,1.936783,736509,0,737009
W3,head,MyLinkedList,1000,0.022732,0,3000,0
W3,middle,MyLinkedList,1000,1.642579,998000,3000,0
W4,-,MinHeap,1000,0.265752,54665,19213,17226
W1,-,DynamicArray,10000,0.073866,10000,0,0
W2,-,DynamicArray,10000,3.975732,7441765,0,7441765
W3,head,DynamicArray,10000,5.134677,21000000,20999000,0
W3,middle,DynamicArray,10000,2.849875,11000000,10999000,0
W1,-,MyLinkedList,10000,92.262370,50178951,0,0
W2,-,MyLinkedList,10000,14.142892,7441265,0,7441765
W3,head,MyLinkedList,10000,0.014208,0,3000,0
W3,middle,MyLinkedList,10000,18.856604,9998000,3000,0
W4,-,MinHeap,10000,1.393031,754133,265475,239329
W1,-,DynamicArray,100000,0.086839,10000,0,0
W2,-,DynamicArray,100000,37.488292,73682044,0,73682044
W3,head,DynamicArray,100000,55.119789,201000000,200999000,0
W3,middle,DynamicArray,100000,28.347542,101000000,100999000,0
W1,-,MyLinkedList,100000,1102.887836,504930938,0,0
W2,-,MyLinkedList,100000,172.625698,73681544,0,73682044
W3,head,MyLinkedList,100000,0.014750,0,3000,0
W3,middle,MyLinkedList,100000,203.033778,99998000,3000,0
W4,-,MinHeap,100000,16.142077,9505677,3287427,3059125
